time,Consumer Price Index,Consumer Price Index: exclude Food and Beverages,Consumer Price Index: exclude Food & Beverages and Fuel & Light,Consumer Food Price Index,Consumer Price Index: Food and Beverages,Consumer Price Index: Food and Beverages: Cereals and Products,Consumer Price Index: Food and Beverages: Meat and Fish,Consumer Price Index: Food and Beverages: Egg,Consumer Price Index: Food and Beverages: Milk and Milk Product,Consumer Price Index: Food and Beverages: Oils and Fats,Consumer Price Index: Food and Beverages: Fruits,Consumer Price Index: Food and Beverages: Vegetables,Consumer Price Index: Food and Beverages: Pulses and Products,Consumer Price Index: Food and Beverages: Sugar and Confectionery,Consumer Price Index: Food and Beverages: Spices,Consumer Price Index: Food and Beverages: Non-alcholic Beverages,"Consumer Price Index: Food and Beverages: Prepared Meals, Snacks, Sweets, etc","Consumer Price Index: Pan, Tobacco and Intoxicants",Consumer Price Index: Clothing and Footwear,Consumer Price Index: Clothing and Footwear: Clothing,Consumer Price Index: Clothing and Footwear: Footwear,Consumer Price Index: Housing,Consumer Price Index: Fuel and Light,Consumer Price Index: Miscellaneous,Consumer Price Index: Miscellaneous: Household Goods and Services,Consumer Price Index: Miscellaneous: Health,Consumer Price Index: Miscellaneous: Transport and Communication,Consumer Price Index: Miscellaneous: Recreation and Amusement,Consumer Price Index: Miscellaneous: Education,Consumer Price Index: Miscellaneous: Personal Care and Effects
2011-01-01,89.5,87.12356853,87.25712474,93.6,92.3,92.6,85.2,95.2,82.7,81.9,84.1,124.6,91.3,92.7,94,89.7,84,82.4,82.8,82.6,84.1,87.8,86.2,88.5,88.1,89.5,90.3,94.2,87,82.9
2011-02-01,88.4,87.72218323,87.89892178,89.9,89.3,92.9,85.8,89.7,83.8,83,85.1,97,92.1,90.9,95.4,90.2,85,83.5,83.8,83.6,84.9,88.5,86.5,89,88.6,89.9,90.9,94.5,87.3,83.2
2011-03-01,88.4,88.30742519,88.43864693,88.9,88.6,92.8,88.1,87.7,84.7,83.6,88.4,86.7,92,90.3,96.6,90.9,85.6,85.1,84.9,84.7,85.7,89.1,87.4,89.3,88.9,90.3,91,94.5,88,84.1
2011-04-01,89.1,89.19669376,89.34082452,89.1,88.9,92.6,89.1,85.5,85.7,83.9,97,82.2,91.5,90.1,97.8,91.4,86.5,87.6,86.1,86,86.8,90,88.2,90,89.5,90.9,91.2,95.1,88.7,85.6
2011-05-01,89.8,90.04017362,90.24843552,89.7,89.5,92.9,89.6,84.4,87.4,84.9,97.4,81.9,91.3,90,99.1,92.1,87.3,88.8,87.1,87,87.5,90.8,88.6,90.9,90.1,91.6,92.6,95.4,89.4,86.5
2011-06-01,90.6,90.7083672,90.94095137,90.7,90.5,93,90.7,86,88.2,86.3,95.2,86.8,91,89.5,99.7,92.6,88.2,89.5,87.9,87.9,88.2,91.4,89.1,91.6,90.8,92,93.6,95.7,90.6,87.1
2011-07-01,91.8,91.74224233,91.6905074,92.2,91.8,93.4,91.1,87.8,89,87.3,94.7,94.1,91.2,90.3,100.1,92.9,89.1,90.6,88.9,88.8,89.3,91.2,92.1,92.6,91.1,92.8,94.8,96.1,91.9,88.1
2011-08-01,92.7,92.54988918,92.52818182,93.2,92.9,93.7,90.7,87.3,90.1,88.4,95.4,97.8,91.5,90.5,100.8,93.3,90.3,91.6,89.9,89.8,90.5,92,92.7,93.4,91.8,93.4,94.7,96.4,92.8,91.6
2011-09-01,93.8,93.44931659,93.44198732,94.6,94.2,94.2,92,89,91.9,89.6,94.4,102,92.5,90.9,101.3,93.9,91.4,92.5,90.9,90.8,91.3,92.9,93.5,94.3,92.8,93.9,95.7,96.9,93.6,93.3
2011-10-01,94.8,94.29431105,94.25010571,95.8,95.3,94.7,92.7,91,93.5,89.8,94.5,105.6,93.8,91.4,101.7,94.7,92.3,93.2,92.2,92.1,92.2,94,94.6,94.9,93.7,94.5,96.7,97.3,93.7,93.4
2011-11-01,95.2,95.17763207,95.1310148,95.4,95.1,94.7,93.3,94.6,94.4,90.3,93.7,100.8,94.4,93.3,101.9,95.6,93.5,93,92.9,92.9,93.2,95.2,95.5,95.8,94.5,95.6,97.4,97.1,94.5,95.2
2011-12-01,94.7,95.64761729,95.61112051,93.5,93.6,94.6,93,96.6,95.2,91.5,92.1,87.6,94.4,95,101.9,96,94.2,94.4,94.2,94.1,94.2,96,95.9,95.9,95,95.6,97.5,97.1,94.1,95.5
2012-01-01,95.1,96.30240118,96.28828753,93.4,93.7,95,93.5,99,95.6,93.3,92.8,84.9,94.5,94.3,100.6,96.7,94.9,95.4,95.3,95.3,95.6,95.7,96.4,96.8,96.3,96.9,97.6,97.6,96.3,95.4
2012-02-01,95.5,96.74647211,96.7387315,93.9,94.2,95.2,94.4,95.8,96.4,93.9,93.3,86.5,94.2,93.8,99.6,96.6,95.6,95.9,96,95.9,96.3,96.4,96.8,97.1,96.8,97.3,97.7,97.9,96.6,96.3
2012-03-01,96.4,97.24881788,97.27033827,95.2,95.4,95.5,96,95.5,96.7,95.3,94.9,91.7,94.4,93.6,98.8,97.1,96.1,96.4,96.7,96.7,96.8,97.2,97.1,97.5,97.4,97.8,97.8,98.2,96.8,96.7
2012-04-01,97.8,98.0538973,98.04723044,97.4,97.4,96.1,97.4,93,98,97.8,100.7,98.7,94.9,93.7,98.3,97.8,97.2,98,97.6,97.6,97.7,98.2,98.1,98.1,98.2,98.3,98.2,98.6,97.8,97.6
2012-05-01,98.6,98.83707056,98.87135307,98.4,98.4,96.9,99,93.5,99,99,102.4,100,96.1,94.5,98.1,98.6,98,99.2,98.4,98.5,98.6,99.3,98.6,98.8,98.8,98.8,99.1,99.2,98.4,98.4
2012-06-01,99.8,99.70391577,99.76232558,100.2,100.1,97.7,102,97.1,99.7,99.6,103.7,105.9,97.3,94.8,98.6,99.2,98.9,100,99.3,99.3,99.3,99.9,99.3,99.8,99.5,99.4,100.7,99.5,99.5,99.6
2012-07-01,101.1,100.14373846,100.15006342,102.7,102.3,99.7,101.9,99.6,100.5,101.3,105,114,100.1,98.1,99.3,100.3,100.2,100.9,100.2,100.2,100.3,99.8,100.1,100.2,100.2,100,100.1,100.1,100.9,100
2012-08-01,102.2,100.98873291,100.97264271,104.1,103.7,102,101.9,100.1,101.4,103.2,106.1,112.7,104.4,105.9,100.3,101.1,101.5,101.6,101.2,101.2,101.3,100.6,101.1,101,101,100.9,100.6,100.9,102,101.2
2012-09-01,102.9,101.91939416,101.90773784,104.4,104.2,104.1,103.8,106.2,102.2,104.2,100.6,109.4,106.1,108,101.1,102.1,102.8,102.5,102.2,102.2,102.2,101.6,102,101.9,101.7,101.7,101.2,101.2,102.4,103.3
2012-10-01,103.6,102.74026598,102.68824524,104.8,104.6,105.4,103.9,107.2,103.2,103.9,100.5,108.3,106.4,108.7,101.8,102.9,104,103.2,103.3,103.4,103.1,102.7,103.1,102.5,102.7,102.5,102,101.8,102.7,103.4
2012-11-01,104.3,103.55616919,103.47752643,105.1,105.1,106.2,103.1,107.3,103.6,104.4,102.4,107.9,106.7,108.6,101.9,103.4,105.3,103.8,104.5,104.6,104.2,103.8,104.1,103.1,103.5,103,102.5,102.5,103,104.2
2012-12-01,104.6,104.18581455,104.09699789,104.9,105,107.2,104,106.7,103.9,104.6,102.7,103.4,106.7,107.7,102.3,104.2,106.5,104.8,105.5,105.7,104.9,104.7,104.8,103.5,104.3,103.6,102.9,102.9,103.3,104.4
2013-01-01,104.6,103.76270779,103.51147992,105.4,105.6,108.4,107.3,110,104.4,105.1,103.2,102.2,106,106.2,102.7,104.9,107.3,105.1,106.2,106.3,105.5,100.3,105.5,103.9,104.8,104,103.2,103.1,103.6,104.5
2013-02-01,105.3,104.20476542,103.94515856,106.4,106.6,110.4,110.2,112.8,104.9,105.5,103.6,103.2,105.3,105.1,102.8,105.5,108.3,105.7,106.8,106.9,106,100.4,106,104.4,105.2,104.5,104.2,103.6,103.9,104.5
2013-03-01,105.5,104.47419653,104.23909091,106.5,106.9,111.4,109.7,111.2,105.1,104.9,105.3,102.2,105,104.2,103,106.2,108.9,106.6,107.3,107.4,106.5,100.4,106.1,104.7,105.6,104.9,105.1,103.7,104,104.3
2013-04-01,106.1,104.70757296,104.44837209,107.5,107.7,111.6,110.9,106.6,105.7,104.4,108.9,105.5,105.3,103.5,103.3,107.2,109.6,107.5,107.9,108,107,100.5,106.5,104.8,106.3,105.3,104.7,104.2,105,102.9
2013-05-01,106.9,104.94200222,104.58655391,109.1,109.2,112.3,111.3,104.7,106.8,103.9,109.3,112.9,105.8,103.1,104.3,108.1,110.5,108.6,108.5,108.7,107.4,100.5,107.4,104.8,106.9,105.9,104,104.8,105.6,102.3
2013-06-01,109.3,106.84944588,106.63968288,112.4,112.2,113.8,114.9,109.8,107.9,104.2,110.7,126.7,106.3,103.2,105.7,109,111.6,109.5,109.3,109.5,108.1,106.6,108.3,105.8,107.6,106.4,105.1,105.4,107.4,102.8
2013-07-01,111,107.86274474,107.66936575,115.2,114.7,114.8,116.4,111.9,108.9,104.3,111.7,140,106.4,103.3,106.8,109.6,112.6,110.3,110,110.2,108.8,107.7,109.2,106.9,108.2,107,107.1,106.1,109.1,102.8
2013-08-01,112.4,108.79619505,108.66549683,117.3,116.6,115.6,117.2,111.7,109.6,104.5,109.8,151.8,106.5,103.1,107.4,110.2,113.4,111.2,110.7,111,109.4,108.9,109.7,107.9,108.7,107.5,108,106.6,109.9,105.4
2013-09-01,113.7,109.80136683,109.70033827,119,118.3,116.4,116.9,112.3,110.5,105.3,107.3,160.9,107.1,103.1,108.3,110.7,114.6,112,111.9,112.2,110.4,109.7,110.5,109,109.6,108.1,109.9,107.5,110.6,106.8
2013-10-01,114.8,110.2358515,110.13980973,121.1,120.2,117.1,116.3,113.3,111.2,105.7,109.9,171.2,107.3,102.7,108.7,111.2,115.4,112.5,112.8,113.2,111.2,110.5,110.9,109.2,110.3,108.6,109.5,108.1,110.8,107.4
2013-11-01,116.3,110.84442187,110.73515856,123.9,122.6,118.1,115.4,118.7,112.5,106.8,113.5,183.1,108.2,102.2,109.4,111.8,116.5,113.1,113.8,114.2,111.9,111.1,111.6,109.7,111.1,109.3,109.5,108.6,111.2,108.1
2013-12-01,114.5,111.12502771,111.01295983,118.7,118.4,119.1,116.7,123.5,113.4,107.3,113.3,145.4,108.7,101.5,110.5,112.1,117.4,114,114.8,115.2,112.7,110.7,111.9,110,111.7,109.7,109.8,109,111.5,107.9
2014-01-01,113.6,111.73852974,111.67179704,115.6,115.8,119.6,118.8,124.1,114.1,106.8,113.9,122.2,108.9,100.2,111,112.3,118.1,114.5,115.4,115.8,113.2,111.6,112.2,110.6,112.3,110.3,110.7,109.7,111.6,108.2
2014-02-01,113.6,112.15722202,112.12211416,114.8,115.3,120.2,119.2,122.5,115.1,106.6,115.4,114.5,109.3,99.2,111.4,112.6,118.8,114.7,115.9,116.4,113.3,112.5,112.4,110.9,112.8,110.7,111.1,110.1,111.8,108.7
2014-03-01,114.2,112.59157739,112.6048203,115.7,116.1,120.7,119.3,121,116.1,106.9,118.7,116.3,109.8,99.6,111.8,112.7,119.3,115.2,116.4,116.8,113.7,113.2,112.5,111.3,113.2,111.2,111.4,110.6,112,109
2014-04-01,115.1,112.93393055,112.99668076,117.4,117.6,120.9,119.9,116.2,117,107.3,126.1,120.7,111,101.8,112.6,113.2,119.8,116,117,117.4,114.6,113.9,112.5,111.5,113.6,111.5,111.2,110.9,112.7,109
2014-05-01,115.8,113.27279276,113.38454545,118.8,118.9,121.1,121.6,115.9,118.4,107.7,127.7,125,111.9,102.8,113.4,113.7,120.4,116.8,117.6,118,115.2,114.3,112.5,111.8,114.1,111.8,111.3,111.2,113,109.1
2014-06-01,116.7,113.67676395,113.74570825,120.5,120.4,121.5,123.1,115.8,119.7,107.8,128.3,132.1,112.4,102.9,114.3,114.2,121.2,117.8,118.3,118.8,115.6,113.9,113.2,112.3,114.6,112.3,111.8,111.6,114.8,108.3
2014-07-01,119.2,114.59613964,114.69680761,125.4,124.7,122.4,123.9,117.8,121,107.9,131.2,157.7,113.2,104.1,115.5,114.8,122.1,118.8,119.1,119.6,116.3,114.8,113.9,113.3,115.2,112.7,113.1,112.1,116.8,109.2
2014-08-01,120.3,115.05687107,115.20970402,127.5,126.6,122.7,124.4,117.3,122,108,131.1,168.2,114.5,104.3,117.1,115.2,123.1,119.9,119.6,120,116.8,115.5,114,113.7,115.6,113.3,112.8,112.6,118,109.9
2014-09-01,120.1,115.30624307,115.45175476,126.4,125.8,122.9,123.5,117.3,122.7,107.9,127.3,162.1,115.6,103.8,117.6,115.8,123.8,120.8,120.1,120.7,117.2,116.1,114.3,113.7,116.1,113.7,112,113.1,118.6,109.5
2014-10-01,120.1,115.69473587,115.83858351,125.8,125.4,123.2,123.8,118.1,123.2,107.9,126.4,156.8,116.1,103.1,118.1,116.1,124.5,121.1,121,121.5,118.1,116.7,114.7,113.9,116.7,114.3,111.8,113.3,118.8,109.6
2014-11-01,120.1,115.93422608,115.99701903,125.3,125.1,123.3,123.7,121,124.2,107.8,125.7,152.4,117.2,102.1,118.7,116.4,125.6,122.1,121.6,122.1,118.4,117.1,115.5,113.8,117.3,114.8,110.8,113.7,119,109.1
2014-12-01,119.4,115.93570373,115.96978858,123.4,123.6,122.9,123.2,123.5,124.5,107.6,125.7,140.5,117.6,100.6,119.1,116.8,126.1,123,122,122.6,118.6,116.5,115.7,113.8,117.5,115.1,110.1,113.9,119.5,109.8
2015-01-01,119.5,116.39445881,116.37919662,122.7,123.1,123.4,123.9,123.8,125,108.5,126.2,133,119.1,99,120.3,117.3,126.7,124,122.5,123.1,119.3,117.3,116.5,114,118.1,115.5,109.4,114.3,119.7,110.7
2015-02-01,119.7,116.8964167,116.78021142,122.7,123.1,123.7,125.1,121.1,125.7,109.1,125.8,129.4,120.9,98.3,121.6,118,127.6,125.2,123.3,123.8,120.1,118.1,117.7,114.1,118.7,116.3,108.7,114.9,119.7,111.2
2015-03-01,120.2,117.45369413,117.33131078,122.8,123.4,123.5,125.4,116.8,126,109.2,127.6,129.2,122.4,97,122.1,118.1,128.4,125.8,123.7,124.3,120.4,118.6,118.3,114.7,119.2,116.7,109.9,115.4,120.1,111
2015-04-01,120.7,117.92166605,117.80911205,123.4,124,123.5,126.4,114.4,126.6,109.2,132.5,128.6,124.8,95.7,122.4,118.5,129.1,126.9,124.1,124.7,120.8,119.2,118.7,115.1,119.7,117.1,110.1,115.9,121,111.7
2015-05-01,121.6,118.69865164,118.62615222,124.5,125,123.6,128,115,127.3,109.8,132.6,130.9,130.5,95.3,123.4,119.2,129.8,127.9,124.7,125.4,121.3,119.6,119.2,116.1,120.2,117.7,112,116.3,121.4,112.3
2015-06-01,123,119.31139638,119.24073996,127.1,127.3,123.9,131.8,121.6,128.2,111.1,132.8,139.1,137.4,94.1,125.5,119.8,130.9,129.2,125.7,126.4,122,119,119.8,117,121.1,118.5,112.9,116.9,123.1,112.8
2015-07-01,123.6,119.72231252,119.66769556,128.1,128.2,123.7,132.5,121,128.3,110.9,133.1,145.1,139.1,91.3,126.1,119.9,131.4,130.4,126.1,126.7,122.3,119.9,120.1,117.2,121.3,119,112.7,117.2,124.4,112.3
2015-08-01,124.8,120.06695604,119.98987315,130.3,130.3,124.2,131.4,120.1,128.5,111.4,132.3,157.6,144,90.5,126.8,120.4,132.1,131.2,126.6,127.2,122.9,120.9,120.6,117.2,122,119.4,111.7,117.8,125.1,112.3
2015-09-01,125.4,120.4363502,120.44160677,131.3,131.2,124.6,130.4,118.7,128.9,111.9,128.4,162.2,150,90.4,128.4,120.7,132.5,132,127.2,127.9,123.4,121.6,120.4,117.5,122.6,119.8,111.3,118.3,125.7,113.4
2015-10-01,126.1,120.93926856,120.95940803,132.4,132.1,125,129.8,118.9,129.1,113.3,129,160.4,165.3,92.3,129.7,121.1,133,132.5,127.8,128.5,123.8,122.4,120.8,117.9,123,120.4,111.4,118.7,125.9,113.9
2015-11-01,126.6,121.38280384,121.35139535,132.9,132.7,125.4,130.3,121.6,129.2,114.9,128.2,158.4,171.2,93.3,131.2,121.7,134,133.6,128.6,129.3,124.5,122.9,121.6,118.1,123.4,120.9,111.5,119.2,126.3,113.8
2015-12-01,126.1,121.5327669,121.46520085,131.3,131.4,125.7,131.4,124.8,129.4,115.3,126.6,146.7,171.5,94.5,132.1,122,134.7,134.5,129,129.7,124.8,122.4,122,118.3,123.6,121.4,111.5,119.6,126.2,113.7
2016-01-01,126.3,122.00289989,121.90209302,131.1,131.3,126.1,134.1,128.6,129.9,115.5,125.7,141.5,170.7,97.4,132.9,122.7,135.3,135.2,129.5,130.3,125.1,123.4,122.7,118.5,124.2,122,111.1,119.8,126.3,114.5
2016-02-01,126,122.6684891,122.60608879,129.2,129.9,126.4,134.2,128.7,130.3,114.8,124.9,130.3,167.4,98.8,133.6,123,135.8,135.9,130.2,130.9,125.8,124.4,123.1,119.1,124.6,122.5,111.4,120.3,126.6,116.6
2016-03-01,126,122.84022904,122.90389006,129.2,129.8,126.5,135.1,124.6,130.2,114.5,126.2,129.8,164.3,100.9,133.9,123.1,136.3,136.5,130.5,131.3,126.1,124.9,122.4,119.3,125.1,122.9,110.9,120.6,126.9,117.3
2016-04-01,127.3,123.41063908,123.57124736,131.3,131.8,126.6,136.8,122,130.9,114.8,134.8,135,167.5,106.4,134.4,123.6,136.7,137.1,131,131.8,126.4,125.6,122.3,120,125.5,123.2,112.1,121.1,127.7,118.1
2016-05-01,128.6,123.97635759,124.16093023,133.8,134,126.8,139.1,125.4,131.7,115,136,145.1,171.7,108.7,135.3,124.2,137.4,137.7,131.4,132.2,126.8,126,122.7,120.7,126,123.7,112.8,121.5,128.5,119.2
2016-06-01,130.1,124.4939601,124.66661734,137,136.8,127.7,140.5,128.3,132.6,115.5,136.5,159.7,174.3,109.9,136.3,124.4,138.1,138.7,132,132.9,127.2,125.5,123.3,121.5,126.4,124.1,114.2,121.7,129.7,119.4
2016-07-01,131.1,124.99403399,125.22454545,138.8,138.4,128.5,141.2,132.3,133.5,116.4,137.8,165.4,177.4,111.3,137.5,125,138.8,139.3,132.7,133.5,127.6,126.4,123.4,121.9,126.9,124.5,113.9,122.4,130.8,120.5
2016-08-01,131.1,125.39118951,125.65021142,138,137.9,129.3,139.3,131.6,134.1,116.9,138.1,159.1,175.6,112.9,138.1,125.5,139.5,140.2,133.2,134.1,128.2,127.3,123.6,122.1,127.4,124.8,113.1,122.7,131.7,121.5
2016-09-01,130.9,126.03965645,126.32014799,136.5,136.6,129.9,138,130.5,134.4,117.2,136.1,150.7,171.5,113.8,138.8,126,140.2,141,133.8,134.6,128.6,127.9,124.1,122.8,127.9,125.4,114.3,122.9,131.8,122.1
2016-10-01,131.4,126.64717399,126.98659619,136.8,137,130.5,137.9,130.2,134.8,117.8,134.7,151.2,172.1,114.1,139.3,126.1,141.1,141.8,134.5,135.5,129.1,128.7,124.3,123.4,128.4,126.1,115.2,123.5,132.4,122.1
2016-11-01,131.2,127.08834503,127.39033827,135.6,136.1,131.4,137.8,132,135,118,134.1,141.9,171.7,114.1,139.7,126.2,141.8,142,135,135.8,129.3,129.1,125,123.8,128.6,126.4,115.7,124,132.8,122.6
2016-12-01,130.4,127.3277983,127.4330444,133.1,134,132.3,137.6,132.9,135.1,118.6,132.7,125.3,168.7,114.4,140.2,126.6,142.3,143.1,135.4,136.3,129.8,128.5,126.6,123.9,129.2,126.9,116,124.2,133.1,121.1
2017-01-01,130.3,127.87410417,128.02942918,131.9,133.1,132.8,138.2,132.2,135.4,119.1,133,119.4,159.5,115.6,139.6,126.6,142.8,143.8,135.6,136.6,130.2,129.6,126.8,124.4,129.4,127.1,117,124.2,133.3,121.7
2017-02-01,130.6,128.45227189,128.53213531,131.8,133,133.1,138.8,129.3,135.8,119.2,135.3,119.5,152.2,117.3,138.7,126.9,143.2,144.4,135.9,136.8,130.3,130.5,127.9,124.8,129.7,127.4,117.4,124.6,133.4,122.6
2017-03-01,130.9,128.96348356,128.94374207,131.8,133.1,133.3,139,128.6,136.3,118.8,138.3,120.5,143.9,118,137.9,127.2,144,145.1,136.4,137.3,130.6,131.1,129.1,125.1,130.1,127.8,117.6,125,133.8,122.6
2017-04-01,131.1,129.24907647,129.16940803,132.1,133.5,133,139.4,126.1,137.2,118.4,139.9,123.4,140.9,118.5,136.5,127.4,144.2,145.4,137,138,131.1,131.7,129.8,125.1,130.4,128.1,116.6,125.1,134.5,123.1
2017-05-01,131.4,129.43684891,129.44217759,132.4,133.7,132.9,141.6,126.3,137.7,118.1,137.9,125.6,138.3,119.4,136,127.6,144.5,146.2,137.2,138.2,131.4,132.1,129.4,125.3,130.9,128.4,116.7,125.7,134.8,123
2017-06-01,132,129.38483561,129.46940803,134.1,135.2,133.3,145.5,128.1,138.1,118.2,139.2,133.3,136.2,119.6,135.3,127.8,144.9,146.5,137.5,138.5,131.7,131.4,128.8,125.5,131.2,128.5,116.5,125.9,135.4,123.4
2017-07-01,134.2,130.06429627,130.16035941,138.3,139,133.6,145.7,129.6,138.5,118.1,141.8,159.5,133.6,120.5,135.2,128.5,145.8,148.2,138.3,139.3,132.1,132.6,129.4,125.9,131.9,129.4,116,126.6,136.8,123.6
2017-08-01,135.4,131.11135944,131.30099366,140.1,140.6,134.3,143.4,129.3,139,118.1,145.5,168.6,132.7,121.2,135.6,128.7,146.8,149.8,139.3,140.3,133,134.4,129.8,126.8,132.8,130.2,117.3,127.3,137.6,124.5
2017-09-01,135.2,131.99931659,132.14382664,138.2,139,134.7,142.4,130.2,139.6,118.4,143,156.6,132.9,121.5,135.6,128.8,147.3,150.8,140,141.1,133.4,135.7,131,127.5,133.3,130.6,118.3,127.9,137.4,125.7
2017-10-01,136.1,132.68479867,132.75490486,139.4,140.1,135.3,142.2,131.2,140.6,119,141.5,162.6,132.3,121.8,136.3,128.7,148.1,151.6,140.8,142,134.1,137.3,132.2,127.7,133.6,131.3,117.8,128.4,137.9,126.2
2017-11-01,137.6,133.87536018,133.66934461,141.5,142.1,135.7,142.4,142.9,140.8,119.2,142.2,173.8,131.2,123,136.8,129.2,148.9,153.2,141.8,143,134.8,138.6,135.3,128.4,134.4,132.6,118.3,128.9,138.6,126.8
2017-12-01,137.2,134.30530107,133.97346723,139.7,140.5,135.8,143.3,145.2,141,120.5,141.5,161.7,129.1,121.5,137.1,128.8,149,154.2,142,143.1,135.1,139.1,136.6,128.6,134.7,133.1,118.5,129,138.5,126.5
2018-01-01,136.9,134.86680827,134.61617336,138.1,139.2,136,144.2,143.7,141.1,120.7,141.3,151.6,127.3,118.8,137.5,129,149.5,154.7,142.3,143.5,135.5,140.4,136.6,129.1,134.9,133.3,119.3,129.7,139,127.3
2018-02-01,136.4,135.35336165,135.15862579,136.1,137.6,135.9,143.5,140.3,140.9,120.4,142.9,140.5,125.8,117.1,137.3,128.6,149.6,154.9,142.6,143.8,135.6,141.3,136.7,129.6,135.2,133.8,120.2,129.9,139,127.7
2018-03-01,136.5,135.94630587,135.86623679,135.5,137.2,136.2,143.6,138.3,141.2,120.7,146.2,134.6,124.6,116.1,137.8,129.1,150.4,156.3,143.1,144.3,136.2,142,136.5,130.3,135.6,134.3,121,130.4,139.8,128.2
2018-04-01,137.1,136.77172146,136.8110148,135.8,137.5,136.4,144.4,133.9,141.6,121,153.5,132.6,123.5,113.7,138.2,129.6,151.2,156.9,144,145.3,136.7,142.9,136.5,131.3,136.6,135.2,121.9,131.3,141.4,129.2
2018-05-01,137.8,137.42491688,137.50082452,136.5,138.1,136.6,146.6,133.6,142.1,121,154.6,135.6,122.3,109.6,138.1,129.9,151.7,157.9,144.7,146,137.4,143.2,136.9,132.1,137.4,136,122.9,131.8,142.1,129.9
2018-06-01,138.5,137.78575914,137.74031712,138,139.4,136.9,148.7,135.6,142.3,121.3,153.2,143.7,121.4,111.1,138.4,130.3,151.8,158.3,145.2,146.4,138.1,142.5,138.1,132.6,137.9,136.2,123.7,132.6,142.8,130.1
2018-07-01,139.8,138.5194311,138.34871036,140.1,141.4,137.5,149.1,139.2,142.5,121.4,151.6,155.9,121.7,113.5,138.9,130.3,152.3,157.5,145.6,146.8,138.4,143.6,139.7,133.2,138.6,137,123.6,133.1,144.7,130.1
2018-08-01,140.4,139.30108977,139.06987315,140.5,141.7,138.3,148,138.1,142.6,122.2,150.6,156.6,122.4,114.7,139.4,131.1,153,157.9,146.1,147.3,138.8,144.6,140.9,133.9,139.4,137.7,124.3,133.6,146,130.1
2018-09-01,140.2,140.13202808,139.81852008,138.9,140.4,138.6,145.8,135.1,142.9,122.1,145.4,150,121.4,113.7,139.5,130.8,153.8,159.2,146.5,147.7,139.1,145.3,142.3,134.7,139.7,138.4,126,134.5,146.2,130.9
2018-10-01,140.7,141.29248245,140.97325581,138.2,139.9,138.8,146.7,134.2,141.8,121.5,142.2,149.4,118.6,112.5,140,131.7,153.7,160.8,145.8,147.1,138.4,146.3,143.5,136.3,141.6,141.5,126.9,134.8,146.5,132.7
2018-11-01,140.8,141.79390469,141.31581395,137.8,139.7,137.4,149.2,137.1,141.8,121.1,142.8,146.7,119.1,111.9,140.9,133.5,154.5,162.6,146.7,148,139.1,146.9,145.1,136.3,142.2,142.1,125.5,136.5,147.8,132
2018-12-01,140.1,141.70748061,141.56395349,136,138.2,137.5,150.5,138.8,142.1,122,139.4,135.2,119.8,110.3,140.6,133.8,154.6,163,146.8,148.1,139.4,146.5,142.7,136.8,143.2,144.9,123.6,136.8,150.1,132.2
2019-01-01,139.6,141.53925009,141.83414376,135,137.4,137.1,151.4,140.2,142.1,121.8,135.4,131.3,120.3,109.1,139.4,133.3,154.6,163.2,146.4,147.6,139,147.7,139.5,136.9,143.6,145.1,123.3,136.7,150.2,132.8
2019-02-01,139.9,141.83147396,142.32769556,135.1,137.5,137.6,152,141.5,142.2,122,136.4,129.7,121,109,139.7,133.6,154.9,163.4,146.5,147.7,139.7,148.5,138.4,137.4,143.7,145.6,123.9,137.1,150.3,134.1
2019-03-01,140.4,142.27415959,142.64640592,135.9,138.1,137.8,153,140.3,142.3,122,137.6,132.6,121.8,109,139.5,133.7,155.2,163.5,146.7,147.9,139.9,149,139.7,137.7,143.8,146.2,124.6,137.7,150.3,133.4
2019-04-01,141.2,142.62770595,143.00769556,137.3,139.4,138,155.3,136.5,142.2,121.9,146,136.4,122.5,109.1,139.3,133.8,155.3,163.6,146.9,148.1,140.1,149.7,140,138,143.5,146.6,124.9,138.6,151.3,133.2
2019-05-01,142,142.91485039,143.29298097,139,140.9,138.3,158.5,136,142.5,122,146.5,143,124.9,109.9,139.9,134,155.5,164.1,147.3,148.4,140.4,150.1,140.3,138.2,143.7,146.9,124.9,139.2,151.6,133.4
2019-06-01,142.9,143.15482083,143.43750529,141.1,142.7,138.7,162.1,137.8,143.3,122.2,146.8,150.5,128.3,111,140.6,134.2,155.9,164.9,147.4,148.6,140.4,149.4,141.2,138.6,143.8,147.4,124.6,139.6,152.5,134.3
2019-07-01,144.2,143.64606576,144.27454545,143.4,144.7,139.3,162.7,140,144,122.5,150.3,160.3,130,111.1,141.7,134.7,156.2,165.2,147.6,148.9,140.5,150.6,139.3,139.5,144.2,147.9,125.6,140.5,154,135.7
2019-08-01,145,144.15971555,144.97816068,144.7,145.9,140.1,160.6,138.5,144.7,122.9,149.4,167.4,130.9,112,142.6,134.9,156.6,165.8,147.9,149.1,140.6,151.6,138.5,140.2,144.5,148.5,125.8,140.9,154.9,138.4
2019-09-01,145.8,144.65206871,145.44048626,146,147,140.9,160.8,139.6,145.4,123.5,146.6,173.2,131.6,113.2,144.1,135,156.8,166.5,147.9,149.2,140.6,152.2,139.2,140.7,144.6,149,126.1,141.3,155.2,139.7
2019-10-01,147.2,145.19722941,145.8620296,149.1,149.6,141.8,161,142.6,146.2,123.9,148,188.4,132.5,114,145.4,135.1,157.1,167.1,148.2,149.4,140.8,153,140.6,141,145,149.4,126.3,141.7,155.4,140
2019-11-01,148.6,145.7453454,146.24357294,151.6,151.9,142.5,163.2,145.6,146.7,124.3,147.4,199.6,135.7,114.2,147,135.3,157.5,167.9,148.6,149.9,141,153.5,142.3,141.3,145.3,149.9,126.6,142.1,155.5,140.3
2019-12-01,150.4,146.49434799,146.89843552,155.3,155,143.5,165,151.1,148.3,125.7,145.7,217,138.3,114,148.7,135.8,158,168.5,149,150.3,141.3,152.8,143.7,142.5,145.8,150.4,129.8,142.3,155.7,140.4
2020-01-01,150.2,147.33832656,147.7343129,153.4,153.5,144.3,167.4,154.9,150.1,129.9,143.2,197,140.4,114.1,150.9,136.1,158.6,169.2,149.2,150.5,141.5,153.9,144.6,143.4,146.2,151.2,130.9,142.8,156.1,142.3
2020-02-01,149.1,148.01457333,148.13236786,149.7,150.5,144.8,167.5,151.8,150.8,131.4,141.8,170.7,141.1,113.6,152,136.5,159.1,170.1,149.5,150.8,141.7,154.8,147.2,143.6,146.4,151.7,130.3,143.2,156.2,143.4
2020-03-01,148.6,148.36270779,148.28501057,147.8,148.9,145.1,167,148.1,151.5,131.2,142.5,157.3,141.1,113.2,153.2,136.7,159.6,171.2,149.8,151.2,141.9,154.5,148.9,143.8,146.4,152.3,129.9,143.7,156.1,145.2
2020-04-01,151.4,149.2033986,149.94139535,153.4,154,148.7,169.7,148.8,155.6,135.1,149.9,168.6,150.4,120.3,157.1,136.8,162.4,173.2,152,153.4,144,155.6,144.1,145.5,148.9,150.7,132.3,146.5,159.3,147.5
2020-05-01,150.9,149.4563539,150.46230444,151.8,152.7,148.4,183.8,147.8,155.1,136.5,149.4,150.8,151.2,116.5,157.4,138.4,162.1,174.4,152.3,153.6,144.2,155.6,142.5,146.2,149.2,152.9,132.5,146.8,159.6,147.7
2020-06-01,151.8,149.92310676,151.08331924,153.4,154,149.6,192.7,151.4,153.3,136.3,147.2,156.5,150.9,114.2,159.5,139.4,161.8,183.5,151.4,152.5,144.4,154.7,141.9,147,146.4,154.4,135,148.3,156.4,151.6
2020-07-01,153.9,151.25367566,152.44723044,156.7,157,148.9,190.9,150.8,153.3,137.4,150.4,178.1,150.4,115.1,160,140.6,162.3,182.6,151.7,153.1,143.4,155.5,143,149,148.4,155,138.5,146,158.5,154.3
2020-08-01,154.7,152.0282416,153.34826638,157.8,158,148.4,187.1,152.5,153.6,138.2,150.9,186.7,149.8,116.4,160.3,142.2,162.9,184.4,152,153.4,144.3,156.3,142.9,150,148.7,155.6,139.6,146.6,157.5,158.4
2020-09-01,156.4,152.33173255,153.66672304,161.6,161.4,147.5,188.9,161.4,153.6,140.1,151.2,209.2,150.9,116.2,161,144,163.2,184.3,152.3,153.7,144.6,156.5,143.1,150.4,148.7,156.3,140.6,146.5,158.5,157
2020-10-01,158.4,152.91311415,154.25987315,165.5,164.7,146.8,191,173.6,153.8,142.7,148.4,230,156.8,115.7,161.8,146.5,163.8,184.8,152.8,154.3,144.9,158,143.6,150.7,149.2,157.2,140.4,148.4,158.6,156.9
2020-11-01,158.9,153.49826376,154.78503171,166,165.4,146,191,175.3,154.1,146.6,147.7,230.5,160.2,115.3,163,149.2,164.8,185.4,153.6,155,145.4,158.4,144.6,151.2,149.7,158.3,140.7,148.5,159.4,157.1
2020-12-01,157.3,154.27186923,155.1932981,160.6,161,144.9,190.1,175.3,154.1,150.9,149.6,194.2,160.4,114.6,164,151.8,165.6,186.5,154.2,155.5,146.1,157.7,147.9,151.9,150,159.3,141.9,149.6,159.2,156.8
2021-01-01,156.3,155.33690432,156.0797463,156.4,157.6,144.5,188.4,174.9,154.2,155.6,150.3,165.8,159.1,113.8,164.4,154,166.7,187.6,154.9,156.3,146.8,158.9,150.2,152.7,150.4,160.4,143.2,150.6,159.4,157.5
2021-02-01,156.6,156.2877355,156.84993658,155.5,156.9,144.3,186.7,168.8,154.7,158.8,150.3,160,158.9,112.8,164.2,155.6,167.5,188.3,155.8,157.3,147.5,159.8,152.4,153.4,150.9,161.2,145.1,151.6,159.6,155.9
2021-03-01,156.8,156.97079793,157.18348837,155,156.7,144.1,192.2,163.8,154.9,163.9,153.7,149.5,159.8,112.6,163.5,156.5,168.2,188.1,156.4,157.8,147.9,159.9,155.5,153.8,151.2,161.7,146.2,152.6,160.2,153.8
2021-04-01,157.8,157.71560768,158.02154334,156.4,158,144.3,198,164.6,155.4,170.1,164.4,144.1,161.7,113.1,163.9,157.6,168.9,188.8,157.3,158.8,148.5,161.4,155.6,154.4,151.8,162.3,146.6,153.2,160.3,155.4
2021-05-01,160.4,159.99848541,160.08503171,159.4,160.7,146.3,200.5,170.3,156.1,178.7,167.1,147.9,165.4,114.8,168.2,159.3,170.4,191.9,160.4,161.8,152.1,161.6,159.4,156.8,154.7,165.8,148.9,155.8,161.2,158.6
2021-06-01,161.3,160.25072035,160.31589852,161.3,162.6,146.7,202,180.7,156.2,183.7,164.6,155.4,166,115.1,168.5,160,172.4,190.8,160.7,162.2,151.8,160.5,159.8,157.6,154.8,166.3,150.7,154.9,161.7,158.8
2021-07-01,162.5,161.38476173,161.48378436,162.9,164,146.4,206.8,182.2,157.5,182.1,163.9,164.2,164,114.5,168.3,160.9,172.2,191.2,161.4,162.8,153.1,161.5,160.7,159,155.8,167,153.1,155.3,163.2,160.1
2021-08-01,162.9,162.10144071,162.20287526,162.7,163.9,146.3,204.4,177.3,158,183.9,161,164.8,163,115.7,168.5,161.9,172.9,191.8,162.4,163.8,154.4,162.4,161.4,159.6,156.7,167.7,153.9,156.1,163.3,160
2021-09-01,163.2,162.52822313,162.51784355,162.7,164,146.6,204,172.8,158.4,188,156.7,162.3,164.1,119.7,168.8,162.7,173.9,192.1,163.3,164.6,155.3,162.1,162.6,160,157.5,168.4,154,157.7,163.7,160
2021-10-01,165.5,163.67944219,163.6041649,166.9,167.7,147.4,204.6,171.2,158.7,190.6,155.7,185.3,165.2,121.9,169.3,163.2,174.7,192.7,164.3,165.7,156.3,163.6,164.2,161,158.4,169.1,155.7,158.6,163.9,160.8
2021-11-01,166.7,164.15208718,164.18854123,169.1,169.7,148.2,201.6,173,159.3,190.1,156.5,199.2,165.3,122.4,169.6,163.7,175.5,192.9,165.8,167.2,157.4,164.2,163.9,161.4,159.3,169.9,154.8,159.8,164.3,162.2
2021-12-01,166.2,164.46516439,164.5179704,167.1,168.2,148.7,198.8,177.9,159.9,187.6,154.9,188.3,164.4,121,170.5,164.2,176.5,192.4,167,168.5,158.7,163.4,164.1,162,160.2,170.6,155.7,160.6,164.4,162.6
2022-01-01,165.7,165.22068711,165.36828753,164.9,166.4,149.5,198.7,178.8,160.5,184.7,153.7,174.3,163.9,120,172.1,164.3,177.3,192.2,168.5,169.9,160.7,164.5,164.2,162.7,161.1,171.4,156.5,161.2,164.7,163
2022-02-01,166.1,166.17371629,166.24221987,164.6,166.2,150,200.6,175.8,160.7,184.9,153.7,169.7,163.7,118.9,174.3,164.7,178,192.8,169.6,170.8,162.4,165.5,165.7,163.5,161.8,172.2,156.9,162.1,165.4,164.4
2022-03-01,167.7,167.12190617,167.11061311,166.9,168.4,151.3,210.7,167.8,162.2,194.6,157.6,166.9,163.9,118.8,177.4,165.3,179.3,193.7,171.1,172.1,164.6,165.3,167.2,164.6,162.8,173,157.9,163.3,166,167.2
2022-04-01,170.1,169.43442926,169.03450317,169.4,170.8,152.9,211.8,164.5,163.9,199.5,172.6,166.2,164.7,119,181.3,166.2,180.9,193.9,172.8,173.9,166.5,167,172.2,166.8,164,174,162.6,164.4,166.9,168.8
2022-05-01,171.7,170.42270041,169.81862579,172.1,173.3,154.1,217,162.4,164.9,202.4,171,174.9,164.7,119.7,184.9,167.1,182.5,194.1,174.6,175.6,168.4,167.5,174.6,167.5,165.2,174.8,163,165.1,167.9,168.4
2022-06-01,172.6,170.64702623,169.87293869,173.8,174.9,155,219.4,170.8,165.8,200.9,169.7,182.3,164.3,119.9,187.1,167.9,183.9,194.3,176,177.1,169.9,166.8,176,167.5,166.4,175.4,161.1,165.8,169,169.4
2022-07-01,173.4,171.92861101,170.81926004,173.8,175,156.5,213,175.2,166.6,195.8,174.2,182.1,164.3,120,190,168.4,185.2,194.6,177.3,178.3,171.3,167.8,179.6,168.4,167.4,176.1,161.6,166.3,171.4,169.7
2022-08-01,174.3,172.57922054,171.67964059,175.1,176.3,160.3,206.5,169.2,168.1,192.4,172.9,186.7,167.2,120.9,193.6,168.8,186.3,195,178.5,179.5,172.7,169,178.8,169.1,168.5,176.8,161.9,166.9,172.3,171.2
2022-09-01,175.3,173.28293314,172.38389006,176.7,177.8,163.5,209.2,169.7,169.7,188.7,165.7,191.8,169.1,121.6,197.3,169.4,187.4,195.9,179.9,180.9,174.3,169.5,179.5,169.7,169.5,177.8,162.3,167.6,173.1,170.9
2022-10-01,176.7,174.29420022,173.39678647,178.6,179.6,165.2,210.9,170.9,170.9,186.5,163.8,199.7,169.8,121.9,199.9,169.9,188.3,196.3,181,181.9,175.3,171.2,180.5,170.5,170.4,178.7,162.9,168.2,173.4,172.1
2022-11-01,176.5,174.97977466,174.06581395,177,178.3,167.4,209.4,181.4,172.3,188.9,160.7,183.1,170.5,122.1,202.8,170.4,189.5,196.9,182.1,183.1,176.2,171.8,181.3,171.1,171.4,179.8,163,168.5,173.7,173.6
2022-12-01,175.7,175.46052826,174.51486258,174.1,175.9,169.2,209,190.2,173.6,188.5,158,159.9,170.8,121.8,205.2,171,190.3,197.3,183,184,177,170.7,182,172,172.1,181.1,163.4,168.9,174.1,175.8
2023-01-01,176.5,176.27545253,175.44763214,174.8,176.7,173.8,210.7,194.5,174.6,187.2,158.3,153.9,170.9,121.1,208.4,171.4,191.2,198.2,183.8,184.9,177.6,172.1,182,172.8,172.9,182.3,163.6,169.5,174.3,178.6
2023-02-01,176.8,177.03424455,176.30169133,174.4,176.6,175.1,207.3,183.3,176.2,184,163.5,150.1,170.4,120.4,209.5,171.9,192.2,199,184.5,185.6,178.3,173.5,182.1,173.5,173.7,183.4,164,170,174.7,179.9
2023-03-01,177.2,177.41717769,176.76892178,174.9,177,174.4,207.7,175.2,177.3,179.2,169.5,152.8,171.1,120,209.7,172.3,193,199.5,185.1,186.1,178.7,173.5,181.9,174.1,174.2,184.4,164.2,170.3,175,181
2023-04-01,178.1,178.29961212,177.80788584,175.9,177.9,173.8,209.3,169.6,178.4,174.9,176.3,155.4,173.4,121.3,212.9,172.9,193.5,200.6,185.7,186.9,179.2,175.2,181.7,175,174.6,185,164.5,170.7,176.4,184
2023-05-01,179.1,178.95703731,178.40131078,177.2,179.1,173.7,214.3,173.2,179.5,170,172.2,161,175.6,122.7,218,173.4,194.2,201,186.2,187.3,179.7,175.6,182.8,175.7,175.2,185.7,164.8,171.2,177.1,185.2
2023-06-01,181,179.10236424,178.55319239,181.7,183.1,174.8,222.6,182.8,180,164.4,172,181.1,181.7,123.5,223.1,174,194.8,201.5,186.8,188,180.2,174.4,182.9,176.2,175.7,186.3,165.1,171.8,179.1,184.7
2023-07-01,186.3,180.13952715,179.26312896,193.8,193.5,176.9,217.8,181.9,180.5,162.9,179.6,250.2,186.2,124.5,231.2,174.5,195.3,202.1,187.3,188.4,180.7,175.3,186.2,176.9,176.1,187,165.6,172.5,180.9,184.8
2023-08-01,186.2,180.7313816,179.89718816,192.5,192.5,179.3,214.1,176.5,181.2,162.9,179.8,235.4,189,125.5,238.5,175,196.2,203,187.7,188.9,181,176.4,186.5,177.4,176.6,187.7,165.9,172.9,181.7,185.1
2023-09-01,184.1,180.06400074,180.17448203,188.4,189,181.4,217.7,180.7,181.5,162.2,177.8,198.4,196.7,127.2,242.9,175.4,196.7,203.5,188.1,189.3,181.4,176.2,179.3,177.8,176.8,188.3,166,173.3,182.2,185.5
2023-10-01,185.3,180.66510898,180.79021142,190.4,190.9,182.9,217.8,186.8,181.9,160.9,179.1,205.3,201.8,128.6,245.3,175.9,197.2,203.9,188.8,190,181.6,177.7,179.8,178.1,177.1,189.2,166.1,173.7,182.2,185.6
2023-11-01,186.3,181.04671223,181.212537,192.4,192.6,184.6,214,192.1,182.2,160.4,178.4,215.5,205.1,130.1,246.4,176.5,197.5,204.4,189.2,190.5,182,177.9,179.9,178.6,177.4,189.7,166.4,173.8,182.4,187.2
2023-12-01,185.7,181.16049132,181.29938689,190.7,191.2,186,211.3,198.5,182.4,160.3,175.5,204.1,206.2,130.6,245.6,176.7,198.1,204.5,189.6,190.9,182.4,176.9,180.2,179,177.9,190.3,166.6,174.1,182.5,188.6
2024-01-01,185.5,181.64540081,181.75319239,189.3,190.1,187.4,213.2,205.3,182.7,159.2,171.9,195.6,204.3,130.1,242.4,177.1,198.8,204.7,190,191.3,182.7,177.6,180.9,179.4,178.2,191.2,166.8,174.4,182.9,189.1
2024-02-01,185.8,182.05493166,182.25086681,189.5,190.3,188.5,218,202.9,183,158.3,171.4,195.5,202.6,129.4,237.8,177.1,199.4,205.2,190.3,191.5,183,178.5,180.7,179.8,178.6,191.7,167,174.6,183,189.3
2024-03-01,185.8,181.64746952,182.49306554,189.8,190.7,189,221,193.3,183.3,158.2,174.6,196.1,201.5,128.7,233.6,177.2,199.9,205.7,190.6,191.9,183.3,178.2,175.8,180.2,178.9,192.3,166.7,175,183.2,191.9
2024-04-01,186.7,182.39769117,183.55422833,191.2,191.9,188.8,226.5,181.7,183.7,158.4,185.5,198.6,202.6,128.6,229.4,177.4,200.2,206.6,191,192.3,183.5,179.9,174.4,181.2,179.4,192.9,166.3,175.2,183.8,197.7
2024-05-01,187.7,182.96937569,183.96274841,192.6,193.2,188.8,229.9,186.5,184.2,158.6,183.7,205.1,205.7,129.7,227.3,177.6,200.7,207.1,191.3,192.6,183.6,180.1,176.1,181.7,179.6,193.5,166.4,175.6,184.3,199.4
2024-06-01,190.2,183.1689324,184.16224101,198.7,198.4,190.1,234.6,190.3,185.4,160,184.3,234.2,210.9,130.7,227.7,178.1,201.5,207.7,191.9,193.2,183.9,179.1,176.3,182.2,179.9,194,166.7,175.8,185.5,199.9
2024-07-01,193,184.15328777,185.33232558,204.3,203.3,191.3,230.7,194.3,186,161.1,186.5,267.3,213.7,131,227.9,178.4,202.1,208.2,192.3,193.6,184.3,180,176,183.7,180.2,194.6,169.9,176.3,187.3,200.4
2024-08-01,193,184.83367196,186.00987315,203.4,202.7,192.4,223.3,189,186.5,161.5,191.4,260.7,214.7,131.4,228.1,179.2,203,208.5,192.8,194.1,184.8,181.1,176.7,184.3,180.9,195.4,170.4,177,188.7,199.9
2024-09-01,194.2,185.25914296,186.46794926,205.8,204.8,193.8,223.4,192.2,187,166.3,191.4,269.9,216,131.6,228,179.9,203.7,208.6,193.2,194.6,185,181,176.9,185,181.3,196,170.5,177.4,189.1,202.2
2024-10-01,196.8,186.08319173,187.42562368,211.1,209.4,195.6,224.7,196,187.3,176.3,194.2,292,216.7,131.9,228.1,180.6,204.5,209,193.9,195.3,185.5,182.7,176.8,185.8,181.8,196.7,170.7,177.9,189.3,206
2024-11-01,196.5,186.39205763,187.80807611,209.8,208.4,197.3,224,201.4,187.4,181.7,192.1,278.8,216.2,131.8,228.1,181.3,205.3,209.2,194.4,195.8,186,183,176.6,186.2,182.4,197.3,170.9,178.4,189.5,206.7
2024-12-01,195.4,186.52462135,187.78627907,206.7,205.9,198.1,222.5,212.1,187.5,183.7,190.6,258.3,214.1,130.9,227.4,182,206.1,209.6,194.8,196.3,186.2,181.7,177.8,186.5,182.9,198,171,178.8,189.7,207
2025-01-01,193.4,187.13611008,188.42835095,200.6,200.9,199.1,224.4,207.9,187.9,184.1,192.8,217.8,209.5,130.5,225.8,183.1,206.9,209.4,195.1,196.5,186.5,182.6,178.2,187.2,183.3,198.8,171.4,179.1,189.9,209.2
2025-02-01,192.5,188.10471001,189.52255814,196.6,197.6,200,222.6,196.9,187.9,184.2,196.8,193.3,201.9,132.2,223.9,183.7,207.8,210.2,195.4,196.8,186.7,183.7,178.3,188.5,183.6,199.6,171.9,179.3,190,215.1
2025-03-01,192,188.50277059,189.97818182,194.9,196.2,200.2,221.7,187.3,188.1,185.2,203,182.3,196,133.7,222.1,184.4,208.5,210.8,195.6,197.1,186.9,183.6,178.3,189.2,183.7,200.5,172.3,179.3,190.5,217.8
2025-04-01,192.6,189.62927595,191.0940592,194.6,196,198.9,225.7,183.2,188.7,186,211.3,176.8,192,134.5,221.5,185.2,209.1,210.9,196.1,197.5,187.3,185.4,179.5,190.3,183.9,201.1,172.4,179.6,191.4,223.3
2025-05-01,193,190.41322497,191.76,194.5,196.1,197.8,228.9,187.7,190,187,207.1,177,188.8,135.1,221,185.7,209.5,212.1,196.4,197.9,187.6,185.8,181.1,191.1,184.1,201.9,172.8,179.9,191.9,226.4
2025-06-01,194.2,190.83934245,192.29112051,196.7,198.1,197.2,230.8,195.2,190.6,188.4,207.6,189.9,186.1,135.3,220.8,185.8,210.2,212.7,196.8,198.3,188,184.8,180.8,192.2,184.5,202.5,173.2,180.2,193.6,229.5
2025-07-01,196.1,191.4228297,192.97344609,200.7,201.6,197.1,229.3,198.6,191,192.1,213.5,212.1,184.3,135.3,220.8,186.6,211,213.3,197.1,198.6,188.3,185.7,180.7,192.9,184.9,203.5,173.5,180.5,195,230.7
2025-08-01,197,192.02933136,193.65319239,202.1,202.8,197.6,226.7,194.9,191.4,195.8,213.8,219.2,183.5,136.3,220.7,186.9,211.5,213.7,197.3,198.8,188.6,186.7,180.8,193.6,185.5,204,173.7,180.9,195.5,233.2
2025-09-01,197,192.66557074,194.43928118,201,202,197.8,228.2,197.5,191.7,196.8,210.1,212.1,182.9,136.8,221,187.1,212.2,214.3,197.6,199.2,188.3,186.4,180.4,194.9,185.6,204.6,173.6,180.9,195.6,241.4
2025-10-01,197.3,193.73629479,195.67930233,200.5,201.6,197.4,228.6,198.6,191.7,196,207.2,211.5,181.7,137.2,220.6,186.9,212.6,215,197.2,199,186.4,188.1,180.3,196.4,185.9,204.3,172.3,180.5,195.9,255.2
